task_name,s_time,e_time,diff_time,seconds
LOAD,2015-08-21 13:23:58.862982,2015-08-21 14:11:22.7036,00:47:23.840618,2843.840618
PERF.POWER.Q18,2015-08-21 14:52:05.092782,2015-08-21 14:56:54.519305,00:04:49.426523,289.426523
PERF.POWER.Q8,2015-08-21 14:56:54.554877,2015-08-21 14:59:54.479716,00:02:59.924839,179.924839
PERF.POWER.Q22,2015-08-21 15:09:43.299405,2015-08-21 15:10:57.512081,00:01:14.212676,74.212676
PERF.POWER.Q16,2015-08-21 15:10:57.543483,2015-08-21 15:12:29.08132,00:01:31.537837,91.537837
PERF.POWER.Q1,2015-08-21 15:18:30.272694,2015-08-21 15:19:26.354889,00:00:56.082195,56.082195
PERF.POWER.Q14,2015-08-21 14:13:06.497767,2015-08-21 14:13:16.988139,00:00:10.490372,10.490372
PERF.POWER.Q20,2015-08-21 14:32:09.295519,2015-08-21 14:48:49.663208,00:16:40.367689,1000.367689
PERF.POWER.Q6,2015-08-21 14:48:49.967922,2015-08-21 14:49:06.499847,00:00:16.531925,16.531925
PERF.POWER.Q13,2015-08-21 15:03:01.514856,2015-08-21 15:04:56.923767,00:01:55.408911,115.408911
PERF.POWER.Q15,2015-08-21 15:16:48.864704,2015-08-21 15:18:30.238314,00:01:41.37361,101.37361
PERF.POWER.RF2,2015-08-21 15:30:30.733555,2015-08-21 15:30:31.258321,00:00:00.524766,0.524766
PERF.POWER.Q2,2015-08-21 14:13:23.475274,2015-08-21 14:15:25.714862,00:02:02.239588,122.239588
PERF.POWER.RF1,2015-08-21 14:12:23.489648,2015-08-21 14:13:06.424789,00:00:42.935141,42.935141
PERF.POWER.Q11,2015-08-21 15:16:17.581855,2015-08-21 15:16:48.828772,00:00:31.246917,31.246917
PERF.POWER,2015-08-21 14:12:23.450628,2015-08-21 15:30:31.294343,01:18:07.843715,4687.843715
PERF.POWER.Q10,2015-08-21 15:19:26.387589,2015-08-21 15:23:22.183979,00:03:55.79639,235.79639
PERF.POWER.Q7,2015-08-21 15:26:34.042131,2015-08-21 15:28:10.056619,00:01:36.014488,96.014488
PERF.POWER.Q21,2015-08-21 14:59:54.513828,2015-08-21 15:03:01.479461,00:03:06.965633,186.965633
PERF.POWER.Q3,2015-08-21 15:04:56.955882,2015-08-21 15:09:43.267473,00:04:46.311591,286.311591
PERF.POWER.Q5,2015-08-21 15:23:57.547429,2015-08-21 15:26:33.695916,00:02:36.148487,156.148487
PERF.POWER.Q4,2015-08-21 15:12:29.130214,2015-08-21 15:16:17.547888,00:03:48.417674,228.417674
PERF.POWER.Q9,2015-08-21 14:15:28.761983,2015-08-21 14:32:09.101733,00:16:40.33975,1000.33975
PERF.POWER.Q17,2015-08-21 14:49:06.534128,2015-08-21 14:52:05.055944,00:02:58.521816,178.521816
PERF.POWER.Q12,2015-08-21 15:28:10.09284,2015-08-21 15:30:30.705177,00:02:20.612337,140.612337
PERF.POWER.Q19,2015-08-21 15:23:22.218819,2015-08-21 15:23:57.515422,00:00:35.296603,35.296603
